{"$schema":"http://schema.management.azure.com/schemas/2015-01-01/deploymentTemplate.json#","contentVersion":"1.0.0.0","parameters":{"FabricDataPipelines fabricdf":{"type":"string"},"Gitconfabricdf":{"type":"string"},"FabicDFBronzeLH":{"type":"string"},"AzureDLCon fabricdf":{"type":"string"}},"variables":{},"resources":[{"name":"parentPipeline","type":"pipelines","apiVersion":"2018-06-01","properties":{"activities":[{"name":"Git Pipeline","type":"InvokePipeline","dependsOn":[],"policy":{"timeout":"0.12:00:00","retry":0,"retryIntervalInSeconds":30,"secureOutput":false,"secureInput":false},"typeProperties":{"waitOnCompletion":true,"operationType":"InvokeFabricPipeline","pipelineId":"9d4013f7-a440-472e-8c10-7364341fe15b","workspaceId":"21466539-a7c9-4889-ac17-293e0128acf0","parameters":{"run_flag":{"value":"@pipeline().parameters.run_flag","type":"Expression"}}},"externalReferences":{"connection":"[parameters('FabricDataPipelines fabricdf')]"}},{"name":"AzurePipeline","type":"InvokePipeline","dependsOn":[{"activity":"Git Pipeline","dependencyConditions":["Succeeded"]}],"policy":{"timeout":"0.12:00:00","retry":0,"retryIntervalInSeconds":30,"secureOutput":false,"secureInput":false},"typeProperties":{"waitOnCompletion":true,"operationType":"InvokeFabricPipeline","pipelineId":"0e62cc3c-3a8d-4666-9544-537e4d87db52","workspaceId":"21466539-a7c9-4889-ac17-293e0128acf0","parameters":{}},"externalReferences":{"connection":"[parameters('FabricDataPipelines fabricdf')]"}}],"parameters":{"run_flag":{"type":"string","defaultValue":"yes"}},"lastModifiedByObjectId":"c106f0cb-1f43-48c7-8f3e-862d4e4efa0a","lastPublishTime":"2025-06-08T03:49:55Z"},"dependsOn":[]},{"name":"GitData","type":"pipelines","apiVersion":"2018-06-01","properties":{"activities":[{"name":"If Condition1","type":"IfCondition","dependsOn":[{"activity":"Set Run Var","dependencyConditions":["Succeeded"]}],"typeProperties":{"expression":{"value":"@equals(variables('run_var'),'yes')","type":"Expression"},"ifFalseActivities":[{"name":"Wait1","type":"Wait","dependsOn":[],"typeProperties":{"waitTimeInSeconds":3}}],"ifTrueActivities":[{"name":"CopyGitData","type":"Copy","dependsOn":[],"policy":{"timeout":"0.12:00:00","retry":0,"retryIntervalInSeconds":30,"secureOutput":false,"secureInput":false},"typeProperties":{"source":{"type":"DelimitedTextSource","storeSettings":{"type":"HttpReadSettings","requestMethod":"GET"},"formatSettings":{"type":"DelimitedTextReadSettings"},"datasetSettings":{"annotations":[],"type":"DelimitedText","typeProperties":{"location":{"type":"HttpServerLocation","relativeUrl":"anshlambagit/Fabric-Data-Factory/refs/heads/main/netflix_directors.csv"},"columnDelimiter":",","escapeChar":"\\","firstRowAsHeader":true,"quoteChar":"\""},"schema":[],"externalReferences":{"connection":"[parameters('Gitconfabricdf')]"}}},"sink":{"type":"DelimitedTextSink","storeSettings":{"type":"LakehouseWriteSettings"},"formatSettings":{"type":"DelimitedTextWriteSettings","fileExtension":".txt"},"datasetSettings":{"annotations":[],"linkedService":{"name":"FabicDFBronzeLH","properties":{"annotations":[],"type":"Lakehouse","typeProperties":{"workspaceId":"21466539-a7c9-4889-ac17-293e0128acf0","artifactId":"[parameters('FabicDFBronzeLH')]","rootFolder":"Files"}}},"type":"DelimitedText","typeProperties":{"location":{"type":"LakehouseLocation","fileName":"rawdata.csv","folderPath":"Rawgit"},"columnDelimiter":",","escapeChar":"\\","firstRowAsHeader":true,"quoteChar":"\""},"schema":[]}},"enableStaging":false,"enableSkipIncompatibleRow":true,"translator":{"type":"TabularTranslator","mappings":[{"source":{"name":"director","type":"String","physicalType":"String"},"sink":{"name":"director","type":"String","physicalType":"String"}},{"source":{"name":"show_id","type":"String","physicalType":"String"},"sink":{"name":"show_id","type":"String","physicalType":"String"}}],"typeConversion":true,"typeConversionSettings":{"allowDataTruncation":true,"treatBooleanAsNumber":false}}}}]}},{"name":"Set Run Var","type":"SetVariable","dependsOn":[],"policy":{"secureOutput":false,"secureInput":false},"typeProperties":{"variableName":"run_var","value":{"value":"@pipeline().parameters.run_flag","type":"Expression"}}}],"parameters":{"run_flag":{"type":"string"}},"variables":{"run_var":{"type":"String","defaultValue":"no"}},"lastModifiedByObjectId":"c106f0cb-1f43-48c7-8f3e-862d4e4efa0a","lastPublishTime":"2025-06-08T02:56:20Z"},"dependsOn":[]},{"name":"AzureData","type":"pipelines","apiVersion":"2018-06-01","properties":{"activities":[{"name":"Azure Folder Metadata","type":"GetMetadata","dependsOn":[],"policy":{"timeout":"0.12:00:00","retry":0,"retryIntervalInSeconds":30,"secureOutput":false,"secureInput":false},"typeProperties":{"fieldList":["childItems"],"datasetSettings":{"annotations":[],"type":"DelimitedText","typeProperties":{"location":{"type":"AzureBlobFSLocation","folderPath":"gitfiles","fileSystem":"raw"},"columnDelimiter":",","escapeChar":"\\","firstRowAsHeader":true,"quoteChar":"\""},"schema":[],"externalReferences":{"connection":"[parameters('AzureDLCon fabricdf')]"}},"storeSettings":{"type":"AzureBlobFSReadSettings","recursive":true,"enablePartitionDiscovery":false},"formatSettings":{"type":"DelimitedTextReadSettings"}}},{"name":"Azureforeach","type":"ForEach","dependsOn":[{"activity":"Azure Folder Metadata","dependencyConditions":["Succeeded"]}],"typeProperties":{"items":{"value":"@activity('Azure Folder Metadata').output.childItems","type":"Expression"},"activities":[{"name":"AzureData","type":"Copy","dependsOn":[],"policy":{"timeout":"0.12:00:00","retry":0,"retryIntervalInSeconds":30,"secureOutput":false,"secureInput":false},"typeProperties":{"source":{"type":"DelimitedTextSource","storeSettings":{"type":"AzureBlobFSReadSettings","recursive":true,"enablePartitionDiscovery":false},"formatSettings":{"type":"DelimitedTextReadSettings"},"datasetSettings":{"annotations":[],"type":"DelimitedText","typeProperties":{"location":{"type":"AzureBlobFSLocation","fileName":{"value":"@item().name","type":"Expression"},"folderPath":"gitfiles","fileSystem":"raw"},"columnDelimiter":",","escapeChar":"\\","firstRowAsHeader":true,"quoteChar":"\""},"schema":[],"externalReferences":{"connection":"[parameters('AzureDLCon fabricdf')]"}}},"sink":{"type":"ParquetSink","storeSettings":{"type":"LakehouseWriteSettings"},"formatSettings":{"type":"ParquetWriteSettings","enableVertiParquet":true},"datasetSettings":{"annotations":[],"linkedService":{"name":"FabicDFBronzeLH","properties":{"annotations":[],"type":"Lakehouse","typeProperties":{"workspaceId":"21466539-a7c9-4889-ac17-293e0128acf0","artifactId":"[parameters('FabicDFBronzeLH')]","rootFolder":"Files"}}},"type":"Parquet","typeProperties":{"location":{"type":"LakehouseLocation","fileName":{"value":"@item().name","type":"Expression"},"folderPath":"AzureFiles"},"compressionCodec":"snappy"},"schema":[]}},"enableStaging":false,"enableSkipIncompatibleRow":false,"translator":{"type":"TabularTranslator","typeConversion":true,"typeConversionSettings":{"allowDataTruncation":true,"treatBooleanAsNumber":false}}}},{"name":"AppendCopiedfiles","type":"AppendVariable","dependsOn":[{"activity":"AzureData","dependencyConditions":["Succeeded"]}],"typeProperties":{"variableName":"copiedfiles","value":{"value":"@item().name","type":"Expression"}}},{"name":"Append failed files","type":"AppendVariable","dependsOn":[{"activity":"AzureData","dependencyConditions":["Failed"]}],"typeProperties":{"variableName":"failedfiles","value":{"value":"@item().name","type":"Expression"}}}]}},{"name":"Copiedfilessize","type":"SetVariable","dependsOn":[{"activity":"Azureforeach","dependencyConditions":["Completed"]}],"policy":{"secureOutput":false,"secureInput":false},"typeProperties":{"variableName":"copiedfilessize","value":{"value":"@length(variables('copiedfiles'))","type":"Expression"}}},{"name":"Failedfilesize","type":"SetVariable","dependsOn":[{"activity":"Azureforeach","dependencyConditions":["Completed"]}],"policy":{"secureOutput":false,"secureInput":false},"typeProperties":{"variableName":"failedfilesize","value":{"value":"@length(variables('failedfiles'))","type":"Expression"}}},{"name":"Copied filenames","type":"SetVariable","dependsOn":[{"activity":"Copiedfilessize","dependencyConditions":["Succeeded"]}],"policy":{"secureOutput":false,"secureInput":false},"typeProperties":{"variableName":"copiednames","value":{"value":"@string(variables('copiedfiles'))","type":"Expression"}}},{"name":"failed filenames","type":"SetVariable","dependsOn":[{"activity":"Failedfilesize","dependencyConditions":["Succeeded"]}],"policy":{"secureOutput":false,"secureInput":false},"typeProperties":{"variableName":"failednames","value":{"value":"@string(variables('failedfiles'))","type":"Expression"}}}],"variables":{"copiedfiles":{"type":"Array"},"failedfiles":{"type":"Array"},"copiedfilessize":{"type":"Integer"},"failedfilesize":{"type":"Integer"},"copiednames":{"type":"String"},"failednames":{"type":"String"}},"lastModifiedByObjectId":"c106f0cb-1f43-48c7-8f3e-862d4e4efa0a","lastPublishTime":"2025-06-08T03:43:02Z","logicAppsConnectionPayload":{"id":"/subscriptions/dedd1442-a751-4dbd-ab81-8e6ef712b1b1/resourceGroups/connections-21466539-a7c9-4889-ac17-293e0128acf0/providers/Microsoft.Web/connections/1_0e62cc3c-3a8d-4666-9544-537e4d87db52_c106f0cb-1f43-48c7-8f3e-862d4e4efa0a","properties":{"api":{"name":"office365","id":"/subscriptions/dedd1442-a751-4dbd-ab81-8e6ef712b1b1/providers/Microsoft.Web/locations/canadacentral/managedApis/office365"}}}},"dependsOn":[]}]}