{"$schema":"http://schema.management.azure.com/schemas/2015-01-01/deploymentTemplate.json#","contentVersion":"1.0.0.0","parameters":{},"variables":{},"resources":[{"name":"Dataflow","type":"pipelines","apiVersion":"2018-06-01","properties":{"activities":[{"name":"Dataflow1","type":"RefreshDataflow","dependsOn":[],"policy":{"timeout":"0.12:00:00","retry":0,"retryIntervalInSeconds":30,"secureOutput":false,"secureInput":false},"typeProperties":{"dataflowId":"11e266aa-2f67-45b5-9c54-5998ba2a9456","workspaceId":"21466539-a7c9-4889-ac17-293e0128acf0","notifyOption":"NoNotification","dataflowType":"DataflowFabric"}}],"lastModifiedByObjectId":"c106f0cb-1f43-48c7-8f3e-862d4e4efa0a","lastPublishTime":"2025-06-08T04:06:32Z"},"dependsOn":[]}]}