{"$schema":"http://schema.management.azure.com/schemas/2015-01-01/deploymentTemplate.json#","contentVersion":"1.0.0.0","parameters":{"Gitconfabricdf":{"type":"string"},"FabicDFBronzeLH":{"type":"string"}},"variables":{},"resources":[{"name":"GitData","type":"pipelines","apiVersion":"2018-06-01","properties":{"activities":[{"name":"If Condition1","type":"IfCondition","dependsOn":[{"activity":"Set Run Var","dependencyConditions":["Succeeded"]}],"typeProperties":{"expression":{"value":"@equals(variables('run_var'),'yes')","type":"Expression"},"ifFalseActivities":[{"name":"Wait1","type":"Wait","dependsOn":[],"typeProperties":{"waitTimeInSeconds":3}}],"ifTrueActivities":[{"name":"CopyGitData","type":"Copy","dependsOn":[],"policy":{"timeout":"0.12:00:00","retry":0,"retryIntervalInSeconds":30,"secureOutput":false,"secureInput":false},"typeProperties":{"source":{"type":"DelimitedTextSource","storeSettings":{"type":"HttpReadSettings","requestMethod":"GET"},"formatSettings":{"type":"DelimitedTextReadSettings"},"datasetSettings":{"annotations":[],"type":"DelimitedText","typeProperties":{"location":{"type":"HttpServerLocation","relativeUrl":"anshlambagit/Fabric-Data-Factory/refs/heads/main/netflix_directors.csv"},"columnDelimiter":",","escapeChar":"\\","firstRowAsHeader":true,"quoteChar":"\""},"schema":[],"externalReferences":{"connection":"[parameters('Gitconfabricdf')]"}}},"sink":{"type":"DelimitedTextSink","storeSettings":{"type":"LakehouseWriteSettings"},"formatSettings":{"type":"DelimitedTextWriteSettings","fileExtension":".txt"},"datasetSettings":{"annotations":[],"linkedService":{"name":"FabicDFBronzeLH","properties":{"annotations":[],"type":"Lakehouse","typeProperties":{"workspaceId":"21466539-a7c9-4889-ac17-293e0128acf0","artifactId":"[parameters('FabicDFBronzeLH')]","rootFolder":"Files"}}},"type":"DelimitedText","typeProperties":{"location":{"type":"LakehouseLocation","fileName":"rawdata.csv","folderPath":"Rawgit"},"columnDelimiter":",","escapeChar":"\\","firstRowAsHeader":true,"quoteChar":"\""},"schema":[]}},"enableStaging":false,"enableSkipIncompatibleRow":true,"translator":{"type":"TabularTranslator","mappings":[{"source":{"name":"director","type":"String","physicalType":"String"},"sink":{"name":"director","type":"String","physicalType":"String"}},{"source":{"name":"show_id","type":"String","physicalType":"String"},"sink":{"name":"show_id","type":"String","physicalType":"String"}}],"typeConversion":true,"typeConversionSettings":{"allowDataTruncation":true,"treatBooleanAsNumber":false}}}}]}},{"name":"Set Run Var","type":"SetVariable","dependsOn":[],"policy":{"secureOutput":false,"secureInput":false},"typeProperties":{"variableName":"run_var","value":{"value":"@pipeline().parameters.run_flag","type":"Expression"}}}],"parameters":{"run_flag":{"type":"string"}},"variables":{"run_var":{"type":"String","defaultValue":"no"}},"lastModifiedByObjectId":"c106f0cb-1f43-48c7-8f3e-862d4e4efa0a","lastPublishTime":"2025-06-08T02:56:20Z"},"dependsOn":[]}]}